
SET SQL_MODE = "NO_AUTO_VALUE_ON_ZERO";
SET time_zone = "+00:00";

CREATE TABLE IF NOT EXISTS `CUSTOMERS` (
  `Acc_no` int(30) NOT NULL,
  `First_name` varchar(30) NOT NULL,
  `Status` varchar(30) NOT NULL,
  `DOB` date NOT NULL,
  `Contact_No` bigint(12) NOT NULL,
  `Address` varchar(50) NOT NULL,
  `Created_on` date NOT NULL,
  `Amount` int(11) NOT NULL,
  `ATM_NO` bigint(20) NOT NULL,
  `PIN` int(11) NOT NULL,
  PRIMARY KEY (`Acc_no`),
  UNIQUE KEY `ATM_NO` (`ATM_NO`)
) ENGINE=InnoDB DEFAULT CHARSET=latin1;

INSERT INTO `CUSTOMERS` (`Acc_no`, `First_name`, `Status`, `DOB`, `Contact_No`, `Address`, `Created_on`, `Amount`, `ATM_NO`, `PIN`) VALUES
(1233108100, 'Hrithik', 'Administrator', '2000-01-02', 9112542365, 'Mumbai', '2014-11-03', 9953800, 1234, 8272),
(1237912995, 'Deepika', 'Member', '2003-03-03', 9421352012, 'Bengaluru', '2014-11-03', 4003900, 4591720349994488, 5125),
(1238069768, 'Kareena', 'Member', '2001-02-03', 7525992132, 'Pataudi', '2014-11-03', 45001000, 4591706200773827, 8457),
(1238153062, 'Ranbeer', 'Member', '2002-02-03', 9421356821, 'Punjab', '2014-11-03', 8001000, 4591996880438644, 1730),
(1239799042, 'Akshay', 'Member', '2002-04-01', 9431568452, 'Ludhiana', '2014-11-03', 2147483647, 4591869573610369, 3843);


CREATE TABLE IF NOT EXISTS `Employee` (
  `Emp_id` varchar(30) NOT NULL,
  `Password` varchar(40) NOT NULL,
  PRIMARY KEY (`Emp_id`)
) ENGINE=InnoDB DEFAULT CHARSET=latin1;

INSERT INTO `Employee` (`Emp_id`, `Password`) VALUES
('alex_banker', '32250170a0dca92d53ec9624f336ca24'),
('ATM_banker', '1ccd6af4a2ca8d765ba5be68caa7c2dd');

CREATE TABLE IF NOT EXISTS `Transactions` (
  `Trans_id` int(11) NOT NULL,
  `Date` TIMESTAMP NOT NULL,
  `Acc_no1` int(11) DEFAULT NULL,
  `Acc_no2` int(11) DEFAULT NULL,
  `Remark` varchar(30) NOT NULL,
  `Amount` int(11) NOT NULL,
  PRIMARY KEY (`Trans_id`),
  KEY `Acc_no1` (`Acc_no1`),
  KEY `Acc_no2` (`Acc_no2`)
) ENGINE=InnoDB  DEFAULT CHARSET=latin1;
		    
INSERT INTO `Transactions` (`Trans_id`, `Date`, `Acc_no1`, `Acc_no2`, `Remark`, `Amount`) VALUES
(5, '2014-11-03', 1237912995, 1237912995, 'CREDIT_CHEQUE', 1000),
(11, '2014-11-03', NULL, 1237912995, 'CREDIT_CASH', 1000),
(13, '2014-11-03', NULL, 1237912995, 'CREDIT_CASH', 1000),
(14, '2014-11-03', 1237912995, NULL, 'DEBIT', 1000),
(15, '2014-11-03', NULL, 1237912995, 'CREDIT_CASH', 5000),
(16, '2014-11-03', 1233108100, NULL, 'ATM_DEBIT', 1000),
(19, '2014-11-03', 1233108100, 1238153062, 'TRANSFER', 1000),
(20, '2014-11-03', 1233108100, NULL, 'ATM_DEBIT', 1000),
(26, '2014-11-03', 1233108100, 1239799042, 'TRANSFER', 100),
(27, '2014-11-03', 1233108100, 1239799042, 'TRANSFER', 10000),
(28, '2014-11-03', 1233108100, 1239799042, 'TRANSFER', 10000),
(29, '2014-11-03', 1233108100, 1239799042, 'TRANSFER', 10000),
(30, '2014-11-03', 1233108100, 1239799042, 'TRANSFER', 10000),
(36, '2014-11-03', 1233108100, 1239799042, 'TRANSFER', 100),
(37, '2014-11-03', 1233108100, NULL, 'DEBIT', 1000),
(38, '2014-11-03', 1233108100, NULL, 'ATM_DEBIT', 1000),
(39, '2014-11-03', 1233108100, 1238069768, 'TRANSFER', 1000);

CREATE TABLE IF NOT EXISTS `Transaction_count`(
   `Trans_count` int(11) NOT NULL PRIMARY KEY
)ENGINE=InnoDB  DEFAULT CHARSET=latin1;

CREATE TABLE IF NOT EXISTS `credit_cash`(
   `id` int(11) NOT NULL AUTO_INCREMENT PRIMARY KEY,
   `saldo` int(11) NOT NULL,
   `owner` int(11) NOT NULL,
   CONSTRAINT `Transaction_ibfk_2` FOREIGN KEY (`owner`) REFERENCES `CUSTOMERS` (`Acc_no`)
)ENGINE=InnoDB  DEFAULT CHARSET=latin1;

ALTER TABLE `Transactions`
  ADD CONSTRAINT `Transaction_ibfk_1` FOREIGN KEY (`Acc_no1`) REFERENCES `CUSTOMERS` (`Acc_no`),
  ADD CONSTRAINT `Transaction_ibfk_3` FOREIGN KEY (`Acc_no2`) REFERENCES `CUSTOMERS` (`Acc_no`);